12/31/1990,12/31/1991,12/31/1992,12/31/1993,12/31/1994,12/31/1995,12/31/1996,12/31/1997,12/31/1998,12/31/1999,12/31/2000,12/31/2001,12/31/2002,12/31/2003,12/31/2004,12/31/2005,12/31/2006,12/31/2007,12/31/2008,12/31/2009,12/31/2010,12/31/2011,12/31/2012,12/31/2013,,,,,,,,,,,,,,,,,,,,,,,,,,,,,,,,,,,,,,,,,,,,,,,,,,,,,,,,,,,,,,,,,,,,,,,,,,,,,,,,,,,,,,,,,,,,,,,,,,,,,,,,,,,,,,,,,,,,,,,,,,,,,,,,,,,,,,,,,,,,,,,,,,,,,,,,,,,,,,,,,,,,,,,,,,,,,,,,,,,,,,,,,,,,,,,,,,,,,,,,,,,,,,
7029.18,254.36,26.97,10.71,4.19,3.38,0.16,0.53,0.93,-1.17,-0.93,-1.06,25.93,14.85,4.4,9.63,10.9,8.85,8.58,6.28,10.44,9.79,10.03,10.61,,,,,,,,,,,,,,,,,,,,,,,,,,,,,,,,,,,,,,,,,,,,,,,,,,,,,,,,,,,,,,,,,,,,,,,,,,,,,,,,,,,,,,,,,,,,,,,,,,,,,,,,,,,,,,,,,,,,,,,,,,,,,,,,,,,,,,,,,,,,,,,,,,,,,,,,,,,,,,,,,,,,,,,,,,,,,,,,,,,,,,,,,,,,,,,,,,,,,,,,,,,,,,
3/31/2001,6/30/2001,9/30/2001,12/31/2001,3/31/2002,6/30/2002,9/30/2002,12/31/2002,3/31/2003,6/30/2003,9/30/2003,12/31/2003,3/31/2004,6/30/2004,9/30/2004,12/31/2004,3/31/2005,6/30/2005,9/30/2005,12/31/2005,3/31/2006,6/30/2006,9/30/2006,12/31/2006,3/31/2007,6/30/2007,9/30/2007,12/31/2007,3/31/2008,6/30/2008,9/30/2008,12/31/2008,3/31/2009,6/30/2009,9/30/2009,12/31/2009,3/31/2010,6/30/2010,9/30/2010,12/31/2010,3/31/2011,6/30/2011,9/30/2011,12/31/2011,3/31/2012,6/30/2012,9/30/2012,12/31/2012,3/31/2013,6/30/2013,9/30/2013,12/31/2013,,,,,,,,,,,,,,,,,,,,,,,,,,,,,,,,,,,,,,,,,,,,,,,,,,,,,,,,,,,,,,,,,,,,,,,,,,,,,,,,,,,,,,,,,,,,,,,,,,,,,,,,,,,,,,,,,,,,,,,,,,,,,,,,,,,,,,,,,,,,,,,,,,,,,,,,,,,,,,,,,,,,,,,,,,,,,,,,,,
2.8,3.03,2.6,2.13,1.97,1.77,1.77,1.73,1.77,1.23,1.27,1.27,1.37,1.97,2.17,2.73,2.87,2.4,2.2,1.73,1.13,1.63,1.57,1.43,1.67,1.93,1.97,3.17,3.3,3.63,3.77,2.23,1.1,0.3,0.03,0.63,1.4,1.97,1.83,2.1,2.97,3.3,3.53,3.4,2.6,2.2,2.33,2.8,2.5,2.17,1.83,1.57,,,,,,,,,,,,,,,,,,,,,,,,,,,,,,,,,,,,,,,,,,,,,,,,,,,,,,,,,,,,,,,,,,,,,,,,,,,,,,,,,,,,,,,,,,,,,,,,,,,,,,,,,,,,,,,,,,,,,,,,,,,,,,,,,,,,,,,,,,,,,,,,,,,,,,,,,,,,,,,,,,,,,,,,,,,,,,,,,,
12/31/2001,12/31/2002,12/31/2003,12/31/2004,12/31/2005,12/31/2006,12/31/2007,12/31/2008,12/31/2009,12/31/2010,12/31/2011,12/31/2012,12/31/2013,,,,,,,,,,,,,,,,,,,,,,,,,,,,,,,,,,,,,,,,,,,,,,,,,,,,,,,,,,,,,,,,,,,,,,,,,,,,,,,,,,,,,,,,,,,,,,,,,,,,,,,,,,,,,,,,,,,,,,,,,,,,,,,,,,,,,,,,,,,,,,,,,,,,,,,,,,,,,,,,,,,,,,,,,,,,,,,,,,,,,,,,,,,,,,,,,,,,,,,,,,,,,,,,,,,,,,,,,
2.64,1.81,1.38,2.06,2.3,1.44,2.18,3.23,0.52,1.83,3.3,2.48,2.02,,,,,,,,,,,,,,,,,,,,,,,,,,,,,,,,,,,,,,,,,,,,,,,,,,,,,,,,,,,,,,,,,,,,,,,,,,,,,,,,,,,,,,,,,,,,,,,,,,,,,,,,,,,,,,,,,,,,,,,,,,,,,,,,,,,,,,,,,,,,,,,,,,,,,,,,,,,,,,,,,,,,,,,,,,,,,,,,,,,,,,,,,,,,,,,,,,,,,,,,,,,,,,,,,,,,,,,,,
12/31/1990,12/31/1991,12/31/1992,12/31/1993,12/31/1994,12/31/1995,12/31/1996,12/31/1997,12/31/1998,12/31/1999,12/31/2000,12/31/2001,12/31/2002,12/31/2003,12/31/2004,12/31/2005,12/31/2006,12/31/2007,12/31/2008,12/31/2009,12/31/2010,12/31/2011,12/31/2012,12/31/2013,,,,,,,,,,,,,,,,,,,,,,,,,,,,,,,,,,,,,,,,,,,,,,,,,,,,,,,,,,,,,,,,,,,,,,,,,,,,,,,,,,,,,,,,,,,,,,,,,,,,,,,,,,,,,,,,,,,,,,,,,,,,,,,,,,,,,,,,,,,,,,,,,,,,,,,,,,,,,,,,,,,,,,,,,,,,,,,,,,,,,,,,,,,,,,,,,,,,,,,,,,,,,,
-0.91,0.9,-0.3,2.6,4,3.14,-0.19,4.6,-0.42,-1.26,-0.73,-1.18,-0.5,1.68,2.25,2.62,2.04,3.25,3.53,2.79,1.97,-0.42,2.81,2.66,,,,,,,,,,,,,,,,,,,,,,,,,,,,,,,,,,,,,,,,,,,,,,,,,,,,,,,,,,,,,,,,,,,,,,,,,,,,,,,,,,,,,,,,,,,,,,,,,,,,,,,,,,,,,,,,,,,,,,,,,,,,,,,,,,,,,,,,,,,,,,,,,,,,,,,,,,,,,,,,,,,,,,,,,,,,,,,,,,,,,,,,,,,,,,,,,,,,,,,,,,,,,,
12/31/1990,12/31/1991,12/31/1992,12/31/1993,12/31/1994,12/31/1995,12/31/1996,12/31/1997,12/31/1998,12/31/1999,12/31/2000,12/31/2001,12/31/2002,12/31/2003,12/31/2004,12/31/2005,12/31/2006,12/31/2007,12/31/2008,12/31/2009,12/31/2010,12/31/2011,12/31/2012,12/31/2013,,,,,,,,,,,,,,,,,,,,,,,,,,,,,,,,,,,,,,,,,,,,,,,,,,,,,,,,,,,,,,,,,,,,,,,,,,,,,,,,,,,,,,,,,,,,,,,,,,,,,,,,,,,,,,,,,,,,,,,,,,,,,,,,,,,,,,,,,,,,,,,,,,,,,,,,,,,,,,,,,,,,,,,,,,,,,,,,,,,,,,,,,,,,,,,,,,,,,,,,,,,,,,
4116.26,492.28,854.63,1638.74,2951.63,147.98,16.01,6.97,3.21,4.86,7.06,6.84,8.43,14.78,6.6,6.89,4.2,3.64,5.67,4.9,5.04,6.63,5.41,6.21,,,,,,,,,,,,,,,,,,,,,,,,,,,,,,,,,,,,,,,,,,,,,,,,,,,,,,,,,,,,,,,,,,,,,,,,,,,,,,,,,,,,,,,,,,,,,,,,,,,,,,,,,,,,,,,,,,,,,,,,,,,,,,,,,,,,,,,,,,,,,,,,,,,,,,,,,,,,,,,,,,,,,,,,,,,,,,,,,,,,,,,,,,,,,,,,,,,,,,,,,,,,,,
12/31/1992,12/31/1993,12/31/1994,12/31/1995,12/31/1996,12/31/1997,12/31/1998,12/31/1999,12/31/2000,12/31/2001,12/31/2002,12/31/2003,12/31/2004,12/31/2005,12/31/2006,12/31/2007,12/31/2008,12/31/2009,12/31/2010,12/31/2011,12/31/2012,12/31/2013,,,,,,,,,,,,,,,,,,,,,,,,,,,,,,,,,,,,,,,,,,,,,,,,,,,,,,,,,,,,,,,,,,,,,,,,,,,,,,,,,,,,,,,,,,,,,,,,,,,,,,,,,,,,,,,,,,,,,,,,,,,,,,,,,,,,,,,,,,,,,,,,,,,,,,,,,,,,,,,,,,,,,,,,,,,,,,,,,,,,,,,,,,,,,,,,,,,,,,,,,,,,,,,,
115.12,73.95,93.32,69.33,115.71,1247.63,39.63,2.61,10.29,7.43,5.84,2.33,6.16,5.04,7.26,8.4,12.44,2.81,2.44,4.23,2.95,0.92,,,,,,,,,,,,,,,,,,,,,,,,,,,,,,,,,,,,,,,,,,,,,,,,,,,,,,,,,,,,,,,,,,,,,,,,,,,,,,,,,,,,,,,,,,,,,,,,,,,,,,,,,,,,,,,,,,,,,,,,,,,,,,,,,,,,,,,,,,,,,,,,,,,,,,,,,,,,,,,,,,,,,,,,,,,,,,,,,,,,,,,,,,,,,,,,,,,,,,,,,,,,,,,,
12/31/1996,12/31/1997,12/31/1998,12/31/1999,12/31/2000,12/31/2001,12/31/2002,12/31/2003,12/31/2004,12/31/2005,12/31/2006,12/31/2007,12/31/2008,12/31/2009,12/31/2010,12/31/2011,12/31/2012,12/31/2013,,,,,,,,,,,,,,,,,,,,,,,,,,,,,,,,,,,,,,,,,,,,,,,,,,,,,,,,,,,,,,,,,,,,,,,,,,,,,,,,,,,,,,,,,,,,,,,,,,,,,,,,,,,,,,,,,,,,,,,,,,,,,,,,,,,,,,,,,,,,,,,,,,,,,,,,,,,,,,,,,,,,,,,,,,,,,,,,,,,,,,,,,,,,,,,,,,,,,,,,,,,,,,,,,,,,
1.58,1.64,1,1.73,2.73,2.53,2.24,2.78,1.84,2.21,2,2.14,2.38,0.31,1.78,2.92,1.52,0.94,,,,,,,,,,,,,,,,,,,,,,,,,,,,,,,,,,,,,,,,,,,,,,,,,,,,,,,,,,,,,,,,,,,,,,,,,,,,,,,,,,,,,,,,,,,,,,,,,,,,,,,,,,,,,,,,,,,,,,,,,,,,,,,,,,,,,,,,,,,,,,,,,,,,,,,,,,,,,,,,,,,,,,,,,,,,,,,,,,,,,,,,,,,,,,,,,,,,,,,,,,,,,,,,,,,,
12/31/1990,12/31/1991,12/31/1992,12/31/1993,12/31/1994,12/31/1995,12/31/1996,12/31/1997,12/31/1998,12/31/1999,12/31/2000,12/31/2001,12/31/2002,12/31/2003,12/31/2004,12/31/2005,12/31/2006,12/31/2007,12/31/2008,12/31/2009,12/31/2010,12/31/2011,12/31/2012,12/31/2013,,,,,,,,,,,,,,,,,,,,,,,,,,,,,,,,,,,,,,,,,,,,,,,,,,,,,,,,,,,,,,,,,,,,,,,,,,,,,,,,,,,,,,,,,,,,,,,,,,,,,,,,,,,,,,,,,,,,,,,,,,,,,,,,,,,,,,,,,,,,,,,,,,,,,,,,,,,,,,,,,,,,,,,,,,,,,,,,,,,,,,,,,,,,,,,,,,,,,,,,,,,,,,
25.91,21.97,15.55,12.73,11.51,8.23,7.38,6.14,5.12,3.34,3.84,3.58,2.49,2.82,1.06,3.05,3.4,4.39,8.71,1.57,1.42,3.23,2.92,1.76,,,,,,,,,,,,,,,,,,,,,,,,,,,,,,,,,,,,,,,,,,,,,,,,,,,,,,,,,,,,,,,,,,,,,,,,,,,,,,,,,,,,,,,,,,,,,,,,,,,,,,,,,,,,,,,,,,,,,,,,,,,,,,,,,,,,,,,,,,,,,,,,,,,,,,,,,,,,,,,,,,,,,,,,,,,,,,,,,,,,,,,,,,,,,,,,,,,,,,,,,,,,,,
12/31/1990,12/31/1991,12/31/1992,12/31/1993,12/31/1994,12/31/1995,12/31/1996,12/31/1997,12/31/1998,12/31/1999,12/31/2000,12/31/2001,12/31/2002,12/31/2003,12/31/2004,12/31/2005,12/31/2006,12/31/2007,12/31/2008,12/31/2009,12/31/2010,12/31/2011,12/31/2012,12/31/2013,,,,,,,,,,,,,,,,,,,,,,,,,,,,,,,,,,,,,,,,,,,,,,,,,,,,,,,,,,,,,,,,,,,,,,,,,,,,,,,,,,,,,,,,,,,,,,,,,,,,,,,,,,,,,,,,,,,,,,,,,,,,,,,,,,,,,,,,,,,,,,,,,,,,,,,,,,,,,,,,,,,,,,,,,,,,,,,,,,,,,,,,,,,,,,,,,,,,,,,,,,,,,,
3.06,3.56,6.34,14.56,24.18,17.07,8.33,2.81,-0.78,-1.4,0.35,0.73,-0.77,1.17,3.9,1.82,1.47,4.77,5.9,-0.68,3.33,5.42,2.65,2.63,,,,,,,,,,,,,,,,,,,,,,,,,,,,,,,,,,,,,,,,,,,,,,,,,,,,,,,,,,,,,,,,,,,,,,,,,,,,,,,,,,,,,,,,,,,,,,,,,,,,,,,,,,,,,,,,,,,,,,,,,,,,,,,,,,,,,,,,,,,,,,,,,,,,,,,,,,,,,,,,,,,,,,,,,,,,,,,,,,,,,,,,,,,,,,,,,,,,,,,,,,,,,,
12/31/1990,12/31/1991,12/31/1992,12/31/1993,12/31/1994,12/31/1995,12/31/1996,12/31/1997,12/31/1998,12/31/1999,12/31/2000,12/31/2001,12/31/2002,12/31/2003,12/31/2004,12/31/2005,12/31/2006,12/31/2007,12/31/2008,12/31/2009,12/31/2010,12/31/2011,12/31/2012,12/31/2013,,,,,,,,,,,,,,,,,,,,,,,,,,,,,,,,,,,,,,,,,,,,,,,,,,,,,,,,,,,,,,,,,,,,,,,,,,,,,,,,,,,,,,,,,,,,,,,,,,,,,,,,,,,,,,,,,,,,,,,,,,,,,,,,,,,,,,,,,,,,,,,,,,,,,,,,,,,,,,,,,,,,,,,,,,,,,,,,,,,,,,,,,,,,,,,,,,,,,,,,,,,,,,
29.05,30.46,27.05,22.5,22.86,20.9,20.77,18.5,18.7,10.98,9.22,7.97,6.35,7.14,5.91,5.05,4.3,5.54,6.99,4.23,2.27,3.42,3.17,2.02,,,,,,,,,,,,,,,,,,,,,,,,,,,,,,,,,,,,,,,,,,,,,,,,,,,,,,,,,,,,,,,,,,,,,,,,,,,,,,,,,,,,,,,,,,,,,,,,,,,,,,,,,,,,,,,,,,,,,,,,,,,,,,,,,,,,,,,,,,,,,,,,,,,,,,,,,,,,,,,,,,,,,,,,,,,,,,,,,,,,,,,,,,,,,,,,,,,,,,,,,,,,,,
12/31/2000,12/31/2001,12/31/2002,12/31/2003,12/31/2004,12/31/2005,12/31/2006,12/31/2007,12/31/2008,12/31/2009,12/31/2010,12/31/2011,12/31/2012,12/31/2013,,,,,,,,,,,,,,,,,,,,,,,,,,,,,,,,,,,,,,,,,,,,,,,,,,,,,,,,,,,,,,,,,,,,,,,,,,,,,,,,,,,,,,,,,,,,,,,,,,,,,,,,,,,,,,,,,,,,,,,,,,,,,,,,,,,,,,,,,,,,,,,,,,,,,,,,,,,,,,,,,,,,,,,,,,,,,,,,,,,,,,,,,,,,,,,,,,,,,,,,,,,,,,,,,,,,,,,,
4.62,3.77,1.69,1.77,2.05,3.33,3.18,2.88,6.09,2.4,1.04,2.25,3.43,2.24,,,,,,,,,,,,,,,,,,,,,,,,,,,,,,,,,,,,,,,,,,,,,,,,,,,,,,,,,,,,,,,,,,,,,,,,,,,,,,,,,,,,,,,,,,,,,,,,,,,,,,,,,,,,,,,,,,,,,,,,,,,,,,,,,,,,,,,,,,,,,,,,,,,,,,,,,,,,,,,,,,,,,,,,,,,,,,,,,,,,,,,,,,,,,,,,,,,,,,,,,,,,,,,,,,,,,,,,
12/31/1993,12/31/1994,12/31/1995,12/31/1996,12/31/1997,12/31/1998,12/31/1999,12/31/2000,12/31/2001,12/31/2002,12/31/2003,12/31/2004,12/31/2005,12/31/2006,12/31/2007,12/31/2008,12/31/2009,12/31/2010,12/31/2011,12/31/2012,12/31/2013,,,,,,,,,,,,,,,,,,,,,,,,,,,,,,,,,,,,,,,,,,,,,,,,,,,,,,,,,,,,,,,,,,,,,,,,,,,,,,,,,,,,,,,,,,,,,,,,,,,,,,,,,,,,,,,,,,,,,,,,,,,,,,,,,,,,,,,,,,,,,,,,,,,,,,,,,,,,,,,,,,,,,,,,,,,,,,,,,,,,,,,,,,,,,,,,,,,,,,,,,,,,,,,,,
20.83,9.92,9.14,8.83,8.43,10.76,2.12,3.91,4.68,1.83,0.1,2.82,1.87,2.53,2.83,6.37,1.05,1.47,1.92,3.29,1.42,,,,,,,,,,,,,,,,,,,,,,,,,,,,,,,,,,,,,,,,,,,,,,,,,,,,,,,,,,,,,,,,,,,,,,,,,,,,,,,,,,,,,,,,,,,,,,,,,,,,,,,,,,,,,,,,,,,,,,,,,,,,,,,,,,,,,,,,,,,,,,,,,,,,,,,,,,,,,,,,,,,,,,,,,,,,,,,,,,,,,,,,,,,,,,,,,,,,,,,,,,,,,,,,,
12/31/1990,12/31/1991,12/31/1992,12/31/1993,12/31/1994,12/31/1995,12/31/1996,12/31/1997,12/31/1998,12/31/1999,12/31/2000,12/31/2001,12/31/2002,12/31/2003,12/31/2004,12/31/2005,12/31/2006,12/31/2007,12/31/2008,12/31/2009,12/31/2010,12/31/2011,12/31/2012,12/31/2013,,,,,,,,,,,,,,,,,,,,,,,,,,,,,,,,,,,,,,,,,,,,,,,,,,,,,,,,,,,,,,,,,,,,,,,,,,,,,,,,,,,,,,,,,,,,,,,,,,,,,,,,,,,,,,,,,,,,,,,,,,,,,,,,,,,,,,,,,,,,,,,,,,,,,,,,,,,,,,,,,,,,,,,,,,,,,,,,,,,,,,,,,,,,,,,,,,,,,,,,,,,,,,
2.67,2.38,2.11,1.25,2.01,2.09,2.1,2.21,1.85,2.45,2.93,2.35,2.41,2.09,1.14,1.8,1.88,1.72,3.4,1.33,2.29,2.75,2.41,0.79,,,,,,,,,,,,,,,,,,,,,,,,,,,,,,,,,,,,,,,,,,,,,,,,,,,,,,,,,,,,,,,,,,,,,,,,,,,,,,,,,,,,,,,,,,,,,,,,,,,,,,,,,,,,,,,,,,,,,,,,,,,,,,,,,,,,,,,,,,,,,,,,,,,,,,,,,,,,,,,,,,,,,,,,,,,,,,,,,,,,,,,,,,,,,,,,,,,,,,,,,,,,,,
1/31/1995,2/28/1995,3/31/1995,4/30/1995,5/31/1995,6/30/1995,7/31/1995,8/31/1995,9/30/1995,10/31/1995,11/30/1995,12/31/1995,1/31/1996,2/29/1996,3/31/1996,4/30/1996,5/31/1996,6/30/1996,7/31/1996,8/31/1996,9/30/1996,10/31/1996,11/30/1996,12/31/1996,1/31/1997,2/28/1997,3/31/1997,4/30/1997,5/31/1997,6/30/1997,7/31/1997,8/31/1997,9/30/1997,10/31/1997,11/30/1997,12/31/1997,1/31/1998,2/28/1998,3/31/1998,4/30/1998,5/31/1998,6/30/1998,7/31/1998,8/31/1998,9/30/1998,10/31/1998,11/30/1998,12/31/1998,1/31/1999,2/28/1999,3/31/1999,4/30/1999,5/31/1999,6/30/1999,7/31/1999,8/31/1999,9/30/1999,10/31/1999,11/30/1999,12/31/1999,1/31/2000,2/29/2000,3/31/2000,4/30/2000,5/31/2000,6/30/2000,7/31/2000,8/31/2000,9/30/2000,10/31/2000,11/30/2000,12/31/2000,1/31/2001,2/28/2001,3/31/2001,4/30/2001,5/31/2001,6/30/2001,7/31/2001,8/31/2001,9/30/2001,10/31/2001,11/30/2001,12/31/2001,1/31/2002,2/28/2002,3/31/2002,4/30/2002,5/31/2002,6/30/2002,7/31/2002,8/31/2002,9/30/2002,10/31/2002,11/30/2002,12/31/2002,1/31/2003,2/28/2003,3/31/2003,4/30/2003,5/31/2003,6/30/2003,7/31/2003,8/31/2003,9/30/2003,10/31/2003,11/30/2003,12/31/2003,1/31/2004,2/29/2004,3/31/2004,4/30/2004,5/31/2004,6/30/2004,7/31/2004,8/31/2004,9/30/2004,10/31/2004,11/30/2004,12/31/2004,1/31/2005,2/28/2005,3/31/2005,4/30/2005,5/31/2005,6/30/2005,7/31/2005,8/31/2005,9/30/2005,10/31/2005,11/30/2005,12/31/2005,1/31/2006,2/28/2006,3/31/2006,4/30/2006,5/31/2006,6/30/2006,7/31/2006,8/31/2006,9/30/2006,10/31/2006,11/30/2006,12/31/2006,1/31/2007,2/28/2007,3/31/2007,4/30/2007,5/31/2007,6/30/2007,7/31/2007,8/31/2007,9/30/2007,10/31/2007,11/30/2007,12/31/2007,1/31/2008,2/29/2008,3/31/2008,4/30/2008,5/31/2008,6/30/2008,7/31/2008,8/31/2008,9/30/2008,10/31/2008,11/30/2008,12/31/2008,1/31/2009,2/28/2009,3/31/2009,4/30/2009,5/31/2009,6/30/2009,7/31/2009,8/31/2009,9/30/2009,10/31/2009,11/30/2009,12/31/2009,1/31/2010,2/28/2010,3/31/2010,4/30/2010,5/31/2010,6/30/2010,7/31/2010,8/31/2010,9/30/2010,10/31/2010,11/30/2010,12/31/2010,1/31/2011,2/28/2011,3/31/2011,4/30/2011,5/31/2011,6/30/2011,7/31/2011,8/31/2011,9/30/2011,10/31/2011,11/30/2011,12/31/2011,1/31/2012,2/29/2012,3/31/2012,4/30/2012,5/31/2012,6/30/2012,7/31/2012,8/31/2012,9/30/2012,10/31/2012,11/30/2012,12/31/2012,1/31/2013,2/28/2013,3/31/2013,4/30/2013,5/31/2013,6/30/2013,7/31/2013,8/31/2013,9/30/2013,10/31/2013,11/30/2013,12/31/2013,1/31/2014,2/28/2014
26.9,23.5,22.7,22.2,22.9,22.5,22.5,22,22.8,22.9,22.2,22.8,22.1,23.7,24.8,25.1,22.4,22.7,24,25.1,25,25.3,26.2,25.5,30.5,31.7,29.9,28.9,31.2,31.1,31.5,30.7,30.6,31,29.9,30.7,27.7,29,30.6,33.6,33.9,35.9,34.2,34.2,37.8,44,45,43.4,42.3,39.7,54.3,56.1,54.7,53.1,56.5,55.3,50.4,47.2,53.4,60.7,78.1,90.8,80.9,88.9,96.9,103.7,102.4,104,107.9,104.9,96.8,91,78.7,67.2,58.8,46.6,39.6,33.2,30.4,29.2,27.2,25.3,24.6,22.4,16.53,14.4,13.25,12.99,13.39,13.25,12.9,12.91,11.28,10.7,9.71,9.36,10.09,9.76,9.15,8.59,8.25,7.61,7.73,7.32,7.54,6.86,6.48,6.07,3.92,3.84,3.98,3.65,2.97,2.87,2.2,2.17,1.6,1.88,1.96,1.95,1.82,1.61,1.53,1.54,1.85,1.91,2.21,1.96,2.43,2.72,2.74,3.14,3.37,3.83,4.22,3.42,3.11,2.8,2.99,3.36,3.21,3.21,3.21,2.87,2.69,2.03,1.47,1.4,1.56,2.19,2.58,2.44,2.58,2.36,2.7,3.32,4.19,5.1,6.56,8.18,9.29,9.69,9.87,10.02,9.97,9.85,9.13,8.83,8.36,7.85,7.44,6.52,5.41,4.54,3.85,3.33,3.29,3.5,4.02,4.31,4.44,4.31,3.35,3.21,3.24,3.3,3.4,3.82,3.44,3.46,3.39,3.33,3.17,3.39,3.57,3.88,4.23,4.28,4.44,4.84,5.39,5.5,5.53,5.41,5.29,5.53,6.12,5.42,4.85,5,5.09,4.88,5.22,4.94,4.77,4.16,4.1,3.48,3.01,3.03,3.01,2.68,2.39,2.27,1.71,2.04,2.3,2.7,2.92,2.85
12/31/1990,12/31/1991,12/31/1992,12/31/1993,12/31/1994,12/31/1995,12/31/1996,12/31/1997,12/31/1998,12/31/1999,12/31/2000,12/31/2001,12/31/2002,12/31/2003,12/31/2004,12/31/2005,12/31/2006,12/31/2007,12/31/2008,12/31/2009,12/31/2010,12/31/2011,12/31/2012,12/31/2013,,,,,,,,,,,,,,,,,,,,,,,,,,,,,,,,,,,,,,,,,,,,,,,,,,,,,,,,,,,,,,,,,,,,,,,,,,,,,,,,,,,,,,,,,,,,,,,,,,,,,,,,,,,,,,,,,,,,,,,,,,,,,,,,,,,,,,,,,,,,,,,,,,,,,,,,,,,,,,,,,,,,,,,,,,,,,,,,,,,,,,,,,,,,,,,,,,,,,,,,,,,,,,
21.22,14.74,21.14,11.04,9.05,9.36,7.1,6.17,5.04,3.75,2.85,2.43,2.43,3.21,8.1,8.8,4.2,11,11.7,16.2,11.7,11.1,8.6,6.91,,,,,,,,,,,,,,,,,,,,,,,,,,,,,,,,,,,,,,,,,,,,,,,,,,,,,,,,,,,,,,,,,,,,,,,,,,,,,,,,,,,,,,,,,,,,,,,,,,,,,,,,,,,,,,,,,,,,,,,,,,,,,,,,,,,,,,,,,,,,,,,,,,,,,,,,,,,,,,,,,,,,,,,,,,,,,,,,,,,,,,,,,,,,,,,,,,,,,,,,,,,,,,
12/31/2001,12/31/2002,12/31/2003,12/31/2004,12/31/2005,12/31/2006,12/31/2007,12/31/2008,12/31/2009,12/31/2010,12/31/2011,12/31/2012,12/31/2013,,,,,,,,,,,,,,,,,,,,,,,,,,,,,,,,,,,,,,,,,,,,,,,,,,,,,,,,,,,,,,,,,,,,,,,,,,,,,,,,,,,,,,,,,,,,,,,,,,,,,,,,,,,,,,,,,,,,,,,,,,,,,,,,,,,,,,,,,,,,,,,,,,,,,,,,,,,,,,,,,,,,,,,,,,,,,,,,,,,,,,,,,,,,,,,,,,,,,,,,,,,,,,,,,,,,,,,,,
2.59,1.57,0.88,0.18,1.03,1.56,2.52,4.07,0.03,1.27,3.41,2.81,1.48,,,,,,,,,,,,,,,,,,,,,,,,,,,,,,,,,,,,,,,,,,,,,,,,,,,,,,,,,,,,,,,,,,,,,,,,,,,,,,,,,,,,,,,,,,,,,,,,,,,,,,,,,,,,,,,,,,,,,,,,,,,,,,,,,,,,,,,,,,,,,,,,,,,,,,,,,,,,,,,,,,,,,,,,,,,,,,,,,,,,,,,,,,,,,,,,,,,,,,,,,,,,,,,,,,,,,,,,,
12/31/1991,12/31/1992,12/31/1993,12/31/1994,12/31/1995,12/31/1996,12/31/1997,12/31/1998,12/31/1999,12/31/2000,12/31/2001,12/31/2002,12/31/2003,12/31/2004,12/31/2005,12/31/2006,12/31/2007,12/31/2008,12/31/2009,12/31/2010,12/31/2011,12/31/2012,12/31/2013,,,,,,,,,,,,,,,,,,,,,,,,,,,,,,,,,,,,,,,,,,,,,,,,,,,,,,,,,,,,,,,,,,,,,,,,,,,,,,,,,,,,,,,,,,,,,,,,,,,,,,,,,,,,,,,,,,,,,,,,,,,,,,,,,,,,,,,,,,,,,,,,,,,,,,,,,,,,,,,,,,,,,,,,,,,,,,,,,,,,,,,,,,,,,,,,,,,,,,,,,,,,,,,
3.41,2.43,2.24,1.73,1.78,2.1,1.28,0.68,0.58,1.83,1.77,1.96,2.16,2.33,1.91,1.91,1.6,3.17,0.11,1.73,2.29,2.23,0.99,,,,,,,,,,,,,,,,,,,,,,,,,,,,,,,,,,,,,,,,,,,,,,,,,,,,,,,,,,,,,,,,,,,,,,,,,,,,,,,,,,,,,,,,,,,,,,,,,,,,,,,,,,,,,,,,,,,,,,,,,,,,,,,,,,,,,,,,,,,,,,,,,,,,,,,,,,,,,,,,,,,,,,,,,,,,,,,,,,,,,,,,,,,,,,,,,,,,,,,,,,,,,,,
12/31/1996,12/31/1997,12/31/1998,12/31/1999,12/31/2000,12/31/2001,12/31/2002,12/31/2003,12/31/2004,12/31/2005,12/31/2006,12/31/2007,12/31/2008,12/31/2009,12/31/2010,12/31/2011,12/31/2012,12/31/2013,,,,,,,,,,,,,,,,,,,,,,,,,,,,,,,,,,,,,,,,,,,,,,,,,,,,,,,,,,,,,,,,,,,,,,,,,,,,,,,,,,,,,,,,,,,,,,,,,,,,,,,,,,,,,,,,,,,,,,,,,,,,,,,,,,,,,,,,,,,,,,,,,,,,,,,,,,,,,,,,,,,,,,,,,,,,,,,,,,,,,,,,,,,,,,,,,,,,,,,,,,,,,,,,,,,,
1.19,1.54,0.61,0.63,1.4,1.9,1.38,1.02,1.8,1.89,1.78,2.29,2.76,0.23,1.15,2.5,2.14,1.6,,,,,,,,,,,,,,,,,,,,,,,,,,,,,,,,,,,,,,,,,,,,,,,,,,,,,,,,,,,,,,,,,,,,,,,,,,,,,,,,,,,,,,,,,,,,,,,,,,,,,,,,,,,,,,,,,,,,,,,,,,,,,,,,,,,,,,,,,,,,,,,,,,,,,,,,,,,,,,,,,,,,,,,,,,,,,,,,,,,,,,,,,,,,,,,,,,,,,,,,,,,,,,,,,,,,
12/31/2000,12/31/2001,12/31/2002,12/31/2003,12/31/2004,12/31/2005,12/31/2006,12/31/2007,12/31/2008,12/31/2009,12/31/2010,12/31/2011,12/31/2012,12/31/2013,,,,,,,,,,,,,,,,,,,,,,,,,,,,,,,,,,,,,,,,,,,,,,,,,,,,,,,,,,,,,,,,,,,,,,,,,,,,,,,,,,,,,,,,,,,,,,,,,,,,,,,,,,,,,,,,,,,,,,,,,,,,,,,,,,,,,,,,,,,,,,,,,,,,,,,,,,,,,,,,,,,,,,,,,,,,,,,,,,,,,,,,,,,,,,,,,,,,,,,,,,,,,,,,,,,,,,,,
24.93,33.58,14.93,26.71,12.74,15.08,10.96,10.72,16.46,19.3,10.79,8.73,9.16,11.65,,,,,,,,,,,,,,,,,,,,,,,,,,,,,,,,,,,,,,,,,,,,,,,,,,,,,,,,,,,,,,,,,,,,,,,,,,,,,,,,,,,,,,,,,,,,,,,,,,,,,,,,,,,,,,,,,,,,,,,,,,,,,,,,,,,,,,,,,,,,,,,,,,,,,,,,,,,,,,,,,,,,,,,,,,,,,,,,,,,,,,,,,,,,,,,,,,,,,,,,,,,,,,,,,,,,,,,,
12/31/1996,12/31/1997,12/31/1998,12/31/1999,12/31/2000,12/31/2001,12/31/2002,12/31/2003,12/31/2004,12/31/2005,12/31/2006,12/31/2007,12/31/2008,12/31/2009,12/31/2010,12/31/2011,12/31/2012,12/31/2013,,,,,,,,,,,,,,,,,,,,,,,,,,,,,,,,,,,,,,,,,,,,,,,,,,,,,,,,,,,,,,,,,,,,,,,,,,,,,,,,,,,,,,,,,,,,,,,,,,,,,,,,,,,,,,,,,,,,,,,,,,,,,,,,,,,,,,,,,,,,,,,,,,,,,,,,,,,,,,,,,,,,,,,,,,,,,,,,,,,,,,,,,,,,,,,,,,,,,,,,,,,,,,,,,,,,
7.88,5.48,4.49,2.16,2.88,3.68,3.88,3.48,3.03,3.5,3.3,2.98,4.22,1.34,4.69,3.13,1.05,-0.87,,,,,,,,,,,,,,,,,,,,,,,,,,,,,,,,,,,,,,,,,,,,,,,,,,,,,,,,,,,,,,,,,,,,,,,,,,,,,,,,,,,,,,,,,,,,,,,,,,,,,,,,,,,,,,,,,,,,,,,,,,,,,,,,,,,,,,,,,,,,,,,,,,,,,,,,,,,,,,,,,,,,,,,,,,,,,,,,,,,,,,,,,,,,,,,,,,,,,,,,,,,,,,,,,,,,
12/31/1990,12/31/1991,12/31/1992,12/31/1993,12/31/1994,12/31/1995,12/31/1996,12/31/1997,12/31/1998,12/31/1999,12/31/2000,12/31/2001,12/31/2002,12/31/2003,12/31/2004,12/31/2005,12/31/2006,12/31/2007,12/31/2008,12/31/2009,12/31/2010,12/31/2011,12/31/2012,12/31/2013,,,,,,,,,,,,,,,,,,,,,,,,,,,,,,,,,,,,,,,,,,,,,,,,,,,,,,,,,,,,,,,,,,,,,,,,,,,,,,,,,,,,,,,,,,,,,,,,,,,,,,,,,,,,,,,,,,,,,,,,,,,,,,,,,,,,,,,,,,,,,,,,,,,,,,,,,,,,,,,,,,,,,,,,,,,,,,,,,,,,,,,,,,,,,,,,,,,,,,,,,,,,,,
10.22,11.53,9.58,8.83,8.78,9.15,6.31,5.84,2.86,-3.94,-3.73,-1.6,-3.05,-2.59,-0.43,0.98,2.03,2.01,4.32,0.52,2.38,5.28,4.06,4.33,,,,,,,,,,,,,,,,,,,,,,,,,,,,,,,,,,,,,,,,,,,,,,,,,,,,,,,,,,,,,,,,,,,,,,,,,,,,,,,,,,,,,,,,,,,,,,,,,,,,,,,,,,,,,,,,,,,,,,,,,,,,,,,,,,,,,,,,,,,,,,,,,,,,,,,,,,,,,,,,,,,,,,,,,,,,,,,,,,,,,,,,,,,,,,,,,,,,,,,,,,,,,,
12/31/1992,12/31/1993,12/31/1994,12/31/1995,12/31/1996,12/31/1997,12/31/1998,12/31/1999,12/31/2000,12/31/2001,12/31/2002,12/31/2003,12/31/2004,12/31/2005,12/31/2006,12/31/2007,12/31/2008,12/31/2009,12/31/2010,12/31/2011,12/31/2012,12/31/2013,,,,,,,,,,,,,,,,,,,,,,,,,,,,,,,,,,,,,,,,,,,,,,,,,,,,,,,,,,,,,,,,,,,,,,,,,,,,,,,,,,,,,,,,,,,,,,,,,,,,,,,,,,,,,,,,,,,,,,,,,,,,,,,,,,,,,,,,,,,,,,,,,,,,,,,,,,,,,,,,,,,,,,,,,,,,,,,,,,,,,,,,,,,,,,,,,,,,,,,,,,,,,,,,
22.95,22.48,18.78,28.24,23.64,18.33,14.26,10.01,9.78,9.18,5.28,4.67,6.75,3.58,3.92,7.98,6.06,4.2,4.89,3.94,5.68,1.73,,,,,,,,,,,,,,,,,,,,,,,,,,,,,,,,,,,,,,,,,,,,,,,,,,,,,,,,,,,,,,,,,,,,,,,,,,,,,,,,,,,,,,,,,,,,,,,,,,,,,,,,,,,,,,,,,,,,,,,,,,,,,,,,,,,,,,,,,,,,,,,,,,,,,,,,,,,,,,,,,,,,,,,,,,,,,,,,,,,,,,,,,,,,,,,,,,,,,,,,,,,,,,,,
12/31/1990,12/31/1991,12/31/1992,12/31/1993,12/31/1994,12/31/1995,12/31/1996,12/31/1997,12/31/1998,12/31/1999,12/31/2000,12/31/2001,12/31/2002,12/31/2003,12/31/2004,12/31/2005,12/31/2006,12/31/2007,12/31/2008,12/31/2009,12/31/2010,12/31/2011,12/31/2012,12/31/2013,,,,,,,,,,,,,,,,,,,,,,,,,,,,,,,,,,,,,,,,,,,,,,,,,,,,,,,,,,,,,,,,,,,,,,,,,,,,,,,,,,,,,,,,,,,,,,,,,,,,,,,,,,,,,,,,,,,,,,,,,,,,,,,,,,,,,,,,,,,,,,,,,,,,,,,,,,,,,,,,,,,,,,,,,,,,,,,,,,,,,,,,,,,,,,,,,,,,,,,,,,,,,,
8.92,13.88,11.88,6.31,10.25,10.22,8.98,7.25,13.17,4.75,3.93,3.75,4.48,3.64,3.97,3.97,6.26,6.38,8.32,10.83,12.11,8.87,9.3,10.92,,,,,,,,,,,,,,,,,,,,,,,,,,,,,,,,,,,,,,,,,,,,,,,,,,,,,,,,,,,,,,,,,,,,,,,,,,,,,,,,,,,,,,,,,,,,,,,,,,,,,,,,,,,,,,,,,,,,,,,,,,,,,,,,,,,,,,,,,,,,,,,,,,,,,,,,,,,,,,,,,,,,,,,,,,,,,,,,,,,,,,,,,,,,,,,,,,,,,,,,,,,,,,
12/31/1998,12/31/1999,12/31/2000,12/31/2001,12/31/2002,12/31/2003,12/31/2004,12/31/2005,12/31/2006,12/31/2007,12/31/2008,12/31/2009,12/31/2010,12/31/2011,12/31/2012,12/31/2013,,,,,,,,,,,,,,,,,,,,,,,,,,,,,,,,,,,,,,,,,,,,,,,,,,,,,,,,,,,,,,,,,,,,,,,,,,,,,,,,,,,,,,,,,,,,,,,,,,,,,,,,,,,,,,,,,,,,,,,,,,,,,,,,,,,,,,,,,,,,,,,,,,,,,,,,,,,,,,,,,,,,,,,,,,,,,,,,,,,,,,,,,,,,,,,,,,,,,,,,,,,,,,,,,,,,,,
55.67,24.02,3.9,11.48,11.94,6.61,6.06,10.4,13.33,6.4,10.27,4.9,5.13,5.37,3.98,6.4,,,,,,,,,,,,,,,,,,,,,,,,,,,,,,,,,,,,,,,,,,,,,,,,,,,,,,,,,,,,,,,,,,,,,,,,,,,,,,,,,,,,,,,,,,,,,,,,,,,,,,,,,,,,,,,,,,,,,,,,,,,,,,,,,,,,,,,,,,,,,,,,,,,,,,,,,,,,,,,,,,,,,,,,,,,,,,,,,,,,,,,,,,,,,,,,,,,,,,,,,,,,,,,,,,,,,,
12/31/1996,12/31/1997,12/31/1998,12/31/1999,12/31/2000,12/31/2001,12/31/2002,12/31/2003,12/31/2004,12/31/2005,12/31/2006,12/31/2007,12/31/2008,12/31/2009,12/31/2010,12/31/2011,12/31/2012,12/31/2013,,,,,,,,,,,,,,,,,,,,,,,,,,,,,,,,,,,,,,,,,,,,,,,,,,,,,,,,,,,,,,,,,,,,,,,,,,,,,,,,,,,,,,,,,,,,,,,,,,,,,,,,,,,,,,,,,,,,,,,,,,,,,,,,,,,,,,,,,,,,,,,,,,,,,,,,,,,,,,,,,,,,,,,,,,,,,,,,,,,,,,,,,,,,,,,,,,,,,,,,,,,,,,,,,,,,
2.13,1.24,2.13,2.47,5.25,3.99,4.73,4.01,2.3,2.18,2.7,2.87,3.11,-1.7,-1.57,1.19,1.93,0.53,,,,,,,,,,,,,,,,,,,,,,,,,,,,,,,,,,,,,,,,,,,,,,,,,,,,,,,,,,,,,,,,,,,,,,,,,,,,,,,,,,,,,,,,,,,,,,,,,,,,,,,,,,,,,,,,,,,,,,,,,,,,,,,,,,,,,,,,,,,,,,,,,,,,,,,,,,,,,,,,,,,,,,,,,,,,,,,,,,,,,,,,,,,,,,,,,,,,,,,,,,,,,,,,,,,,
12/31/1990,12/31/1991,12/31/1992,12/31/1993,12/31/1994,12/31/1995,12/31/1996,12/31/1997,12/31/1998,12/31/1999,12/31/2000,12/31/2001,12/31/2002,12/31/2003,12/31/2004,12/31/2005,12/31/2006,12/31/2007,12/31/2008,12/31/2009,12/31/2010,12/31/2011,12/31/2012,12/31/2013,,,,,,,,,,,,,,,,,,,,,,,,,,,,,,,,,,,,,,,,,,,,,,,,,,,,,,,,,,,,,,,,,,,,,,,,,,,,,,,,,,,,,,,,,,,,,,,,,,,,,,,,,,,,,,,,,,,,,,,,,,,,,,,,,,,,,,,,,,,,,,,,,,,,,,,,,,,,,,,,,,,,,,,,,,,,,,,,,,,,,,,,,,,,,,,,,,,,,,,,,,,,,,
6.23,6.22,4.98,4.52,4.18,5.38,3.99,1.89,1.98,1.65,2.58,2.31,2.59,2.81,2.28,2.18,2.22,2.04,3.49,0.77,1.64,2.91,3.31,1.31,,,,,,,,,,,,,,,,,,,,,,,,,,,,,,,,,,,,,,,,,,,,,,,,,,,,,,,,,,,,,,,,,,,,,,,,,,,,,,,,,,,,,,,,,,,,,,,,,,,,,,,,,,,,,,,,,,,,,,,,,,,,,,,,,,,,,,,,,,,,,,,,,,,,,,,,,,,,,,,,,,,,,,,,,,,,,,,,,,,,,,,,,,,,,,,,,,,,,,,,,,,,,,
12/31/1990,12/31/1991,12/31/1992,12/31/1993,12/31/1994,12/31/1995,12/31/1996,12/31/1997,12/31/1998,12/31/1999,12/31/2000,12/31/2001,12/31/2002,12/31/2003,12/31/2004,12/31/2005,12/31/2006,12/31/2007,12/31/2008,12/31/2009,12/31/2010,12/31/2011,12/31/2012,12/31/2013,,,,,,,,,,,,,,,,,,,,,,,,,,,,,,,,,,,,,,,,,,,,,,,,,,,,,,,,,,,,,,,,,,,,,,,,,,,,,,,,,,,,,,,,,,,,,,,,,,,,,,,,,,,,,,,,,,,,,,,,,,,,,,,,,,,,,,,,,,,,,,,,,,,,,,,,,,,,,,,,,,,,,,,,,,,,,,,,,,,,,,,,,,,,,,,,,,,,,,,,,,,,,,
3.1,3.28,1.74,1.26,0.68,-0.08,0.13,1.71,0.66,-0.34,-0.66,-0.73,-0.91,-0.25,-0.01,-0.28,0.24,0.06,1.38,-1.34,-0.7,-0.28,-0.04,0.35,,,,,,,,,,,,,,,,,,,,,,,,,,,,,,,,,,,,,,,,,,,,,,,,,,,,,,,,,,,,,,,,,,,,,,,,,,,,,,,,,,,,,,,,,,,,,,,,,,,,,,,,,,,,,,,,,,,,,,,,,,,,,,,,,,,,,,,,,,,,,,,,,,,,,,,,,,,,,,,,,,,,,,,,,,,,,,,,,,,,,,,,,,,,,,,,,,,,,,,,,,,,,,
12/31/1990,12/31/1991,12/31/1992,12/31/1993,12/31/1994,12/31/1995,12/31/1996,12/31/1997,12/31/1998,12/31/1999,12/31/2000,12/31/2001,12/31/2002,12/31/2003,12/31/2004,12/31/2005,12/31/2006,12/31/2007,12/31/2008,12/31/2009,12/31/2010,12/31/2011,12/31/2012,12/31/2013,,,,,,,,,,,,,,,,,,,,,,,,,,,,,,,,,,,,,,,,,,,,,,,,,,,,,,,,,,,,,,,,,,,,,,,,,,,,,,,,,,,,,,,,,,,,,,,,,,,,,,,,,,,,,,,,,,,,,,,,,,,,,,,,,,,,,,,,,,,,,,,,,,,,,,,,,,,,,,,,,,,,,,,,,,,,,,,,,,,,,,,,,,,,,,,,,,,,,,,,,,,,,,
17.71,20.22,27.1,45.42,31.35,1.62,8.84,11.41,6.82,5.77,9.95,5.86,1.96,9.81,11.67,10.49,14.47,9.79,26.2,9.38,3.97,13.98,9.64,5.72,,,,,,,,,,,,,,,,,,,,,,,,,,,,,,,,,,,,,,,,,,,,,,,,,,,,,,,,,,,,,,,,,,,,,,,,,,,,,,,,,,,,,,,,,,,,,,,,,,,,,,,,,,,,,,,,,,,,,,,,,,,,,,,,,,,,,,,,,,,,,,,,,,,,,,,,,,,,,,,,,,,,,,,,,,,,,,,,,,,,,,,,,,,,,,,,,,,,,,,,,,,,,,
12/31/1996,12/31/1997,12/31/1998,12/31/1999,12/31/2000,12/31/2001,12/31/2002,12/31/2003,12/31/2004,12/31/2005,12/31/2006,12/31/2007,12/31/2008,12/31/2009,12/31/2010,12/31/2011,12/31/2012,12/31/2013,,,,,,,,,,,,,,,,,,,,,,,,,,,,,,,,,,,,,,,,,,,,,,,,,,,,,,,,,,,,,,,,,,,,,,,,,,,,,,,,,,,,,,,,,,,,,,,,,,,,,,,,,,,,,,,,,,,,,,,,,,,,,,,,,,,,,,,,,,,,,,,,,,,,,,,,,,,,,,,,,,,,,,,,,,,,,,,,,,,,,,,,,,,,,,,,,,,,,,,,,,,,,,,,,,,,
3.49,2.65,5.26,2.75,1.53,1.41,1.83,1.09,1.46,3.07,3.63,2,5.43,0.65,1.7,3.18,1.68,2.09,,,,,,,,,,,,,,,,,,,,,,,,,,,,,,,,,,,,,,,,,,,,,,,,,,,,,,,,,,,,,,,,,,,,,,,,,,,,,,,,,,,,,,,,,,,,,,,,,,,,,,,,,,,,,,,,,,,,,,,,,,,,,,,,,,,,,,,,,,,,,,,,,,,,,,,,,,,,,,,,,,,,,,,,,,,,,,,,,,,,,,,,,,,,,,,,,,,,,,,,,,,,,,,,,,,,
12/31/1990,12/31/1991,12/31/1992,12/31/1993,12/31/1994,12/31/1995,12/31/1996,12/31/1997,12/31/1998,12/31/1999,12/31/2000,12/31/2001,12/31/2002,12/31/2003,12/31/2004,12/31/2005,12/31/2006,12/31/2007,12/31/2008,12/31/2009,12/31/2010,12/31/2011,12/31/2012,12/31/2013,,,,,,,,,,,,,,,,,,,,,,,,,,,,,,,,,,,,,,,,,,,,,,,,,,,,,,,,,,,,,,,,,,,,,,,,,,,,,,,,,,,,,,,,,,,,,,,,,,,,,,,,,,,,,,,,,,,,,,,,,,,,,,,,,,,,,,,,,,,,,,,,,,,,,,,,,,,,,,,,,,,,,,,,,,,,,,,,,,,,,,,,,,,,,,,,,,,,,,,,,,,,,,
26.54,22.84,15.58,9.78,6.97,34.77,35.26,20.82,15.9,16.67,9.51,6.39,5.03,4.56,4.69,4,3.63,3.97,5.12,5.31,4.16,3.41,4.11,3.81,,,,,,,,,,,,,,,,,,,,,,,,,,,,,,,,,,,,,,,,,,,,,,,,,,,,,,,,,,,,,,,,,,,,,,,,,,,,,,,,,,,,,,,,,,,,,,,,,,,,,,,,,,,,,,,,,,,,,,,,,,,,,,,,,,,,,,,,,,,,,,,,,,,,,,,,,,,,,,,,,,,,,,,,,,,,,,,,,,,,,,,,,,,,,,,,,,,,,,,,,,,,,,
12/31/1990,12/31/1991,12/31/1992,12/31/1993,12/31/1994,12/31/1995,12/31/1996,12/31/1997,12/31/1998,12/31/1999,12/31/2000,12/31/2001,12/31/2002,12/31/2003,12/31/2004,12/31/2005,12/31/2006,12/31/2007,12/31/2008,12/31/2009,12/31/2010,12/31/2011,12/31/2012,,,,,,,,,,,,,,,,,,,,,,,,,,,,,,,,,,,,,,,,,,,,,,,,,,,,,,,,,,,,,,,,,,,,,,,,,,,,,,,,,,,,,,,,,,,,,,,,,,,,,,,,,,,,,,,,,,,,,,,,,,,,,,,,,,,,,,,,,,,,,,,,,,,,,,,,,,,,,,,,,,,,,,,,,,,,,,,,,,,,,,,,,,,,,,,,,,,,,,,,,,,,,,,
63.4,68.5,72.4,76.2,80.1,85,87.5,88.5,90.9,91.5,93.2,93.8,96.4,97.6,99,100,103.3,105.4,109.3,110.4,111.5,112.5,113.9,,,,,,,,,,,,,,,,,,,,,,,,,,,,,,,,,,,,,,,,,,,,,,,,,,,,,,,,,,,,,,,,,,,,,,,,,,,,,,,,,,,,,,,,,,,,,,,,,,,,,,,,,,,,,,,,,,,,,,,,,,,,,,,,,,,,,,,,,,,,,,,,,,,,,,,,,,,,,,,,,,,,,,,,,,,,,,,,,,,,,,,,,,,,,,,,,,,,,,,,,,,,,,,
12/31/1996,12/31/1997,12/31/1998,12/31/1999,12/31/2000,12/31/2001,12/31/2002,12/31/2003,12/31/2004,12/31/2005,12/31/2006,12/31/2007,12/31/2008,12/31/2009,12/31/2010,12/31/2011,12/31/2012,12/31/2013,,,,,,,,,,,,,,,,,,,,,,,,,,,,,,,,,,,,,,,,,,,,,,,,,,,,,,,,,,,,,,,,,,,,,,,,,,,,,,,,,,,,,,,,,,,,,,,,,,,,,,,,,,,,,,,,,,,,,,,,,,,,,,,,,,,,,,,,,,,,,,,,,,,,,,,,,,,,,,,,,,,,,,,,,,,,,,,,,,,,,,,,,,,,,,,,,,,,,,,,,,,,,,,,,,,,
2.3,1.18,1.28,-0.13,2.63,2.63,2.68,1.78,2.28,3.05,3.35,2.38,3.98,2.15,2.3,4.05,1.08,1.15,,,,,,,,,,,,,,,,,,,,,,,,,,,,,,,,,,,,,,,,,,,,,,,,,,,,,,,,,,,,,,,,,,,,,,,,,,,,,,,,,,,,,,,,,,,,,,,,,,,,,,,,,,,,,,,,,,,,,,,,,,,,,,,,,,,,,,,,,,,,,,,,,,,,,,,,,,,,,,,,,,,,,,,,,,,,,,,,,,,,,,,,,,,,,,,,,,,,,,,,,,,,,,,,,,,,
12/31/2007,12/31/2008,12/31/2009,12/31/2010,12/31/2011,12/31/2012,12/31/2013,,,,,,,,,,,,,,,,,,,,,,,,,,,,,,,,,,,,,,,,,,,,,,,,,,,,,,,,,,,,,,,,,,,,,,,,,,,,,,,,,,,,,,,,,,,,,,,,,,,,,,,,,,,,,,,,,,,,,,,,,,,,,,,,,,,,,,,,,,,,,,,,,,,,,,,,,,,,,,,,,,,,,,,,,,,,,,,,,,,,,,,,,,,,,,,,,,,,,,,,,,,,,,,,,,,,,,,,,,,,,,,
5.46,11.51,12.59,13.76,10.85,12.24,8.52,,,,,,,,,,,,,,,,,,,,,,,,,,,,,,,,,,,,,,,,,,,,,,,,,,,,,,,,,,,,,,,,,,,,,,,,,,,,,,,,,,,,,,,,,,,,,,,,,,,,,,,,,,,,,,,,,,,,,,,,,,,,,,,,,,,,,,,,,,,,,,,,,,,,,,,,,,,,,,,,,,,,,,,,,,,,,,,,,,,,,,,,,,,,,,,,,,,,,,,,,,,,,,,,,,,,,,,,,,,,,,,
12/31/1990,12/31/1991,12/31/1992,12/31/1993,12/31/1994,12/31/1995,12/31/1996,12/31/1997,12/31/1998,12/31/1999,12/31/2000,12/31/2001,12/31/2002,12/31/2003,12/31/2004,12/31/2005,12/31/2006,12/31/2007,12/31/2008,12/31/2009,12/31/2010,12/31/2011,12/31/2012,12/31/2013,,,,,,,,,,,,,,,,,,,,,,,,,,,,,,,,,,,,,,,,,,,,,,,,,,,,,,,,,,,,,,,,,,,,,,,,,,,,,,,,,,,,,,,,,,,,,,,,,,,,,,,,,,,,,,,,,,,,,,,,,,,,,,,,,,,,,,,,,,,,,,,,,,,,,,,,,,,,,,,,,,,,,,,,,,,,,,,,,,,,,,,,,,,,,,,,,,,,,,,,,,,,,,
4.11,3.43,2.34,2.28,1.4,2.45,1.26,2.58,2.26,2.33,3.08,3.04,1.29,2.46,0.49,1.53,2.34,0.73,3.76,2.16,2.4,1.31,0.72,2.13,,,,,,,,,,,,,,,,,,,,,,,,,,,,,,,,,,,,,,,,,,,,,,,,,,,,,,,,,,,,,,,,,,,,,,,,,,,,,,,,,,,,,,,,,,,,,,,,,,,,,,,,,,,,,,,,,,,,,,,,,,,,,,,,,,,,,,,,,,,,,,,,,,,,,,,,,,,,,,,,,,,,,,,,,,,,,,,,,,,,,,,,,,,,,,,,,,,,,,,,,,,,,,
12/31/1993,12/31/1994,12/31/1995,12/31/1996,12/31/1998,12/31/1999,12/31/2000,12/31/2001,12/31/2002,12/31/2003,12/31/2004,12/31/2005,12/31/2006,12/31/2007,12/31/2008,12/31/2009,12/31/2010,12/31/2011,12/31/2012,12/31/2013,,,,,,,,,,,,,,,,,,,,,,,,,,,,,,,,,,,,,,,,,,,,,,,,,,,,,,,,,,,,,,,,,,,,,,,,,,,,,,,,,,,,,,,,,,,,,,,,,,,,,,,,,,,,,,,,,,,,,,,,,,,,,,,,,,,,,,,,,,,,,,,,,,,,,,,,,,,,,,,,,,,,,,,,,,,,,,,,,,,,,,,,,,,,,,,,,,,,,,,,,,,,,,,,,,
0.45,1.24,0.98,1.25,0.64,0.67,1.45,0.28,1.06,1.43,0.46,2.72,2.56,4.17,8.76,2.43,3.49,5.88,5.71,4.02,,,,,,,,,,,,,,,,,,,,,,,,,,,,,,,,,,,,,,,,,,,,,,,,,,,,,,,,,,,,,,,,,,,,,,,,,,,,,,,,,,,,,,,,,,,,,,,,,,,,,,,,,,,,,,,,,,,,,,,,,,,,,,,,,,,,,,,,,,,,,,,,,,,,,,,,,,,,,,,,,,,,,,,,,,,,,,,,,,,,,,,,,,,,,,,,,,,,,,,,,,,,,,,,,,
12/31/1991,12/31/1992,12/31/1993,12/31/1994,12/31/1995,12/31/1996,12/31/1997,12/31/1998,12/31/1999,12/31/2000,12/31/2001,12/31/2002,12/31/2003,12/31/2004,12/31/2005,12/31/2006,12/31/2007,12/31/2008,12/31/2009,12/31/2010,12/31/2011,12/31/2012,12/31/2013,,,,,,,,,,,,,,,,,,,,,,,,,,,,,,,,,,,,,,,,,,,,,,,,,,,,,,,,,,,,,,,,,,,,,,,,,,,,,,,,,,,,,,,,,,,,,,,,,,,,,,,,,,,,,,,,,,,,,,,,,,,,,,,,,,,,,,,,,,,,,,,,,,,,,,,,,,,,,,,,,,,,,,,,,,,,,,,,,,,,,,,,,,,,,,,,,,,,,,,,,,,,,,,
2372.53,77.81,49.25,24.29,11.17,11.55,8.58,7.27,3.48,3.76,2.01,0.72,2.26,3.66,1.62,2,1.79,5.78,2.98,1.53,3.37,3.66,2.81,,,,,,,,,,,,,,,,,,,,,,,,,,,,,,,,,,,,,,,,,,,,,,,,,,,,,,,,,,,,,,,,,,,,,,,,,,,,,,,,,,,,,,,,,,,,,,,,,,,,,,,,,,,,,,,,,,,,,,,,,,,,,,,,,,,,,,,,,,,,,,,,,,,,,,,,,,,,,,,,,,,,,,,,,,,,,,,,,,,,,,,,,,,,,,,,,,,,,,,,,,,,,,,
12/31/1990,12/31/1991,12/31/1992,12/31/1993,12/31/1994,12/31/1995,12/31/1996,12/31/1997,12/31/1998,12/31/1999,12/31/2000,12/31/2001,12/31/2002,12/31/2003,12/31/2004,12/31/2005,12/31/2006,12/31/2007,12/31/2008,12/31/2009,12/31/2010,12/31/2011,12/31/2012,12/31/2013,,,,,,,,,,,,,,,,,,,,,,,,,,,,,,,,,,,,,,,,,,,,,,,,,,,,,,,,,,,,,,,,,,,,,,,,,,,,,,,,,,,,,,,,,,,,,,,,,,,,,,,,,,,,,,,,,,,,,,,,,,,,,,,,,,,,,,,,,,,,,,,,,,,,,,,,,,,,,,,,,,,,,,,,,,,,,,,,,,,,,,,,,,,,,,,,,,,,,,,,,,,,,,
12.18,19.33,8.68,6.73,8.26,6.86,8.34,5.64,9.33,6.23,6.57,5.4,2.74,2.28,4.78,6.61,5.48,2.95,8.16,4.25,3.78,4.73,3.16,2.93,,,,,,,,,,,,,,,,,,,,,,,,,,,,,,,,,,,,,,,,,,,,,,,,,,,,,,,,,,,,,,,,,,,,,,,,,,,,,,,,,,,,,,,,,,,,,,,,,,,,,,,,,,,,,,,,,,,,,,,,,,,,,,,,,,,,,,,,,,,,,,,,,,,,,,,,,,,,,,,,,,,,,,,,,,,,,,,,,,,,,,,,,,,,,,,,,,,,,,,,,,,,,,
12/31/1992,12/31/1993,12/31/1994,12/31/1995,12/31/1996,12/31/1997,12/31/1998,12/31/1999,12/31/2000,12/31/2001,12/31/2002,12/31/2003,12/31/2004,12/31/2005,12/31/2006,12/31/2007,12/31/2008,12/31/2009,12/31/2010,12/31/2011,12/31/2012,12/31/2013,,,,,,,,,,,,,,,,,,,,,,,,,,,,,,,,,,,,,,,,,,,,,,,,,,,,,,,,,,,,,,,,,,,,,,,,,,,,,,,,,,,,,,,,,,,,,,,,,,,,,,,,,,,,,,,,,,,,,,,,,,,,,,,,,,,,,,,,,,,,,,,,,,,,,,,,,,,,,,,,,,,,,,,,,,,,,,,,,,,,,,,,,,,,,,,,,,,,,,,,,,,,,,,,
41.5,32.48,32.93,22.98,18.24,13.88,8.76,7.26,10.09,5.48,1.94,0.84,3.49,2.13,1.03,2.49,4.22,3.45,2.58,4.27,3.7,0.9,,,,,,,,,,,,,,,,,,,,,,,,,,,,,,,,,,,,,,,,,,,,,,,,,,,,,,,,,,,,,,,,,,,,,,,,,,,,,,,,,,,,,,,,,,,,,,,,,,,,,,,,,,,,,,,,,,,,,,,,,,,,,,,,,,,,,,,,,,,,,,,,,,,,,,,,,,,,,,,,,,,,,,,,,,,,,,,,,,,,,,,,,,,,,,,,,,,,,,,,,,,,,,,,
12/31/1997,12/31/1998,12/31/1999,12/31/2000,12/31/2001,12/31/2002,12/31/2003,12/31/2004,12/31/2005,12/31/2006,12/31/2007,12/31/2008,12/31/2009,12/31/2010,12/31/2011,12/31/2012,12/31/2013,,,,,,,,,,,,,,,,,,,,,,,,,,,,,,,,,,,,,,,,,,,,,,,,,,,,,,,,,,,,,,,,,,,,,,,,,,,,,,,,,,,,,,,,,,,,,,,,,,,,,,,,,,,,,,,,,,,,,,,,,,,,,,,,,,,,,,,,,,,,,,,,,,,,,,,,,,,,,,,,,,,,,,,,,,,,,,,,,,,,,,,,,,,,,,,,,,,,,,,,,,,,,,,,,,,,,
1.9,2.22,2.16,2.8,4.43,3.68,3.27,2.51,2.13,3.05,2.43,2.64,-0.89,1.38,3.55,2.78,0.45,,,,,,,,,,,,,,,,,,,,,,,,,,,,,,,,,,,,,,,,,,,,,,,,,,,,,,,,,,,,,,,,,,,,,,,,,,,,,,,,,,,,,,,,,,,,,,,,,,,,,,,,,,,,,,,,,,,,,,,,,,,,,,,,,,,,,,,,,,,,,,,,,,,,,,,,,,,,,,,,,,,,,,,,,,,,,,,,,,,,,,,,,,,,,,,,,,,,,,,,,,,,,,,,,,,,,
12/31/1990,12/31/1991,12/31/1992,12/31/1993,12/31/1994,12/31/1995,12/31/1996,12/31/1997,12/31/1998,12/31/1999,12/31/2000,12/31/2001,12/31/2002,12/31/2003,12/31/2004,12/31/2005,12/31/2006,12/31/2007,12/31/2008,12/31/2009,12/31/2010,12/31/2011,12/31/2012,12/31/2013,,,,,,,,,,,,,,,,,,,,,,,,,,,,,,,,,,,,,,,,,,,,,,,,,,,,,,,,,,,,,,,,,,,,,,,,,,,,,,,,,,,,,,,,,,,,,,,,,,,,,,,,,,,,,,,,,,,,,,,,,,,,,,,,,,,,,,,,,,,,,,,,,,,,,,,,,,,,,,,,,,,,,,,,,,,,,,,,,,,,,,,,,,,,,,,,,,,,,,,,,,,,,,
3.01,4.42,3.06,-0.87,1.32,2.96,7.26,2.6,2.92,2.16,1.68,1.44,0.24,2.26,6.8,8.81,11.83,13.76,15.05,-4.87,-2.43,1.92,1.86,3.75,,,,,,,,,,,,,,,,,,,,,,,,,,,,,,,,,,,,,,,,,,,,,,,,,,,,,,,,,,,,,,,,,,,,,,,,,,,,,,,,,,,,,,,,,,,,,,,,,,,,,,,,,,,,,,,,,,,,,,,,,,,,,,,,,,,,,,,,,,,,,,,,,,,,,,,,,,,,,,,,,,,,,,,,,,,,,,,,,,,,,,,,,,,,,,,,,,,,,,,,,,,,,,
12/31/1992,12/31/1993,12/31/1994,12/31/1995,12/31/1996,12/31/1997,12/31/1998,12/31/1999,12/31/2000,12/31/2001,12/31/2002,12/31/2003,12/31/2004,12/31/2005,12/31/2006,12/31/2007,12/31/2008,12/31/2009,12/31/2010,12/31/2011,12/31/2012,12/31/2013,,,,,,,,,,,,,,,,,,,,,,,,,,,,,,,,,,,,,,,,,,,,,,,,,,,,,,,,,,,,,,,,,,,,,,,,,,,,,,,,,,,,,,,,,,,,,,,,,,,,,,,,,,,,,,,,,,,,,,,,,,,,,,,,,,,,,,,,,,,,,,,,,,,,,,,,,,,,,,,,,,,,,,,,,,,,,,,,,,,,,,,,,,,,,,,,,,,,,,,,,,,,,,,,
216.04,243.11,166.53,33.43,38.18,153.35,64.04,45.29,46.24,34.83,22.76,15.31,11.93,9.03,6.6,4.83,7.86,5.61,6.09,5.83,3.34,4.01,,,,,,,,,,,,,,,,,,,,,,,,,,,,,,,,,,,,,,,,,,,,,,,,,,,,,,,,,,,,,,,,,,,,,,,,,,,,,,,,,,,,,,,,,,,,,,,,,,,,,,,,,,,,,,,,,,,,,,,,,,,,,,,,,,,,,,,,,,,,,,,,,,,,,,,,,,,,,,,,,,,,,,,,,,,,,,,,,,,,,,,,,,,,,,,,,,,,,,,,,,,,,,,,
12/31/1992,12/31/1993,12/31/1994,12/31/1995,12/31/1996,12/31/1997,12/31/1998,12/31/1999,12/31/2000,12/31/2001,12/31/2002,12/31/2003,12/31/2004,12/31/2005,12/31/2006,12/31/2007,12/31/2008,12/31/2009,12/31/2010,12/31/2011,12/31/2012,12/31/2013,,,,,,,,,,,,,,,,,,,,,,,,,,,,,,,,,,,,,,,,,,,,,,,,,,,,,,,,,,,,,,,,,,,,,,,,,,,,,,,,,,,,,,,,,,,,,,,,,,,,,,,,,,,,,,,,,,,,,,,,,,,,,,,,,,,,,,,,,,,,,,,,,,,,,,,,,,,,,,,,,,,,,,,,,,,,,,,,,,,,,,,,,,,,,,,,,,,,,,,,,,,,,,,,
1430.26,839.17,412.62,205.03,52.89,14.83,27.27,92.66,20.96,21.58,15.84,13.68,10.89,12.71,9.69,9,14.09,11.72,6.88,8.48,5.07,6.78,,,,,,,,,,,,,,,,,,,,,,,,,,,,,,,,,,,,,,,,,,,,,,,,,,,,,,,,,,,,,,,,,,,,,,,,,,,,,,,,,,,,,,,,,,,,,,,,,,,,,,,,,,,,,,,,,,,,,,,,,,,,,,,,,,,,,,,,,,,,,,,,,,,,,,,,,,,,,,,,,,,,,,,,,,,,,,,,,,,,,,,,,,,,,,,,,,,,,,,,,,,,,,,,
12/31/1990,12/31/1991,12/31/1992,12/31/1993,12/31/1994,12/31/1995,12/31/1996,12/31/1997,12/31/1998,12/31/1999,12/31/2000,12/31/2001,12/31/2002,12/31/2003,12/31/2004,12/31/2005,12/31/2006,12/31/2007,12/31/2008,12/31/2009,12/31/2010,12/31/2011,12/31/2012,12/31/2013,,,,,,,,,,,,,,,,,,,,,,,,,,,,,,,,,,,,,,,,,,,,,,,,,,,,,,,,,,,,,,,,,,,,,,,,,,,,,,,,,,,,,,,,,,,,,,,,,,,,,,,,,,,,,,,,,,,,,,,,,,,,,,,,,,,,,,,,,,,,,,,,,,,,,,,,,,,,,,,,,,,,,,,,,,,,,,,,,,,,,,,,,,,,,,,,,,,,,,,,,,,,,,
-1.02,3.79,-0.89,1.23,1.33,5.23,0.21,-0.31,-0.31,-2.08,-1.06,-1.29,0.11,0.54,0.32,0.54,1.93,5.04,6.1,4.15,3.8,3.75,2.86,3.76,,,,,,,,,,,,,,,,,,,,,,,,,,,,,,,,,,,,,,,,,,,,,,,,,,,,,,,,,,,,,,,,,,,,,,,,,,,,,,,,,,,,,,,,,,,,,,,,,,,,,,,,,,,,,,,,,,,,,,,,,,,,,,,,,,,,,,,,,,,,,,,,,,,,,,,,,,,,,,,,,,,,,,,,,,,,,,,,,,,,,,,,,,,,,,,,,,,,,,,,,,,,,,
12/31/1990,12/31/1991,12/31/1992,12/31/1993,12/31/1994,12/31/1995,12/31/1996,12/31/1997,12/31/1998,12/31/1999,12/31/2000,12/31/2001,12/31/2002,12/31/2003,12/31/2004,12/31/2005,12/31/2006,12/31/2007,12/31/2008,12/31/2009,12/31/2010,12/31/2011,12/31/2012,12/31/2013,,,,,,,,,,,,,,,,,,,,,,,,,,,,,,,,,,,,,,,,,,,,,,,,,,,,,,,,,,,,,,,,,,,,,,,,,,,,,,,,,,,,,,,,,,,,,,,,,,,,,,,,,,,,,,,,,,,,,,,,,,,,,,,,,,,,,,,,,,,,,,,,,,,,,,,,,,,,,,,,,,,,,,,,,,,,,,,,,,,,,,,,,,,,,,,,,,,,,,,,,,,,,,
3.47,3.42,2.27,2.3,3.09,1.74,1.38,2,-0.28,0.03,1.35,1.01,-0.39,0.5,1.68,0.48,0.97,2.09,6.61,0.62,2.83,5.24,4.57,2.38,,,,,,,,,,,,,,,,,,,,,,,,,,,,,,,,,,,,,,,,,,,,,,,,,,,,,,,,,,,,,,,,,,,,,,,,,,,,,,,,,,,,,,,,,,,,,,,,,,,,,,,,,,,,,,,,,,,,,,,,,,,,,,,,,,,,,,,,,,,,,,,,,,,,,,,,,,,,,,,,,,,,,,,,,,,,,,,,,,,,,,,,,,,,,,,,,,,,,,,,,,,,,,
12/31/1990,12/31/1991,12/31/1992,12/31/1993,12/31/1994,12/31/1995,12/31/1996,12/31/1997,12/31/1998,12/31/1999,12/31/2000,12/31/2001,12/31/2002,12/31/2003,12/31/2004,12/31/2005,12/31/2006,12/31/2007,12/31/2008,12/31/2009,12/31/2010,12/31/2011,12/31/2012,12/31/2013,,,,,,,,,,,,,,,,,,,,,,,,,,,,,,,,,,,,,,,,,,,,,,,,,,,,,,,,,,,,,,,,,,,,,,,,,,,,,,,,,,,,,,,,,,,,,,,,,,,,,,,,,,,,,,,,,,,,,,,,,,,,,,,,,,,,,,,,,,,,,,,,,,,,,,,,,,,,,,,,,,,,,,,,,,,,,,,,,,,,,,,,,,,,,,,,,,,,,,,,,,,,,,
14.26,15.31,14.09,9.64,8.88,8.78,7.34,8.62,6.95,5.2,5.37,5.65,9.14,6,1.43,3.35,4.63,7.1,10.95,7.18,4.27,4.99,5.65,5.76,,,,,,,,,,,,,,,,,,,,,,,,,,,,,,,,,,,,,,,,,,,,,,,,,,,,,,,,,,,,,,,,,,,,,,,,,,,,,,,,,,,,,,,,,,,,,,,,,,,,,,,,,,,,,,,,,,,,,,,,,,,,,,,,,,,,,,,,,,,,,,,,,,,,,,,,,,,,,,,,,,,,,,,,,,,,,,,,,,,,,,,,,,,,,,,,,,,,,,,,,,,,,,
12/31/1990,12/31/1991,12/31/1992,12/31/1993,12/31/1994,12/31/1995,12/31/1996,12/31/1997,12/31/1998,12/31/1999,12/31/2000,12/31/2001,12/31/2002,12/31/2003,12/31/2004,12/31/2005,12/31/2006,12/31/2007,12/31/2008,12/31/2009,12/31/2010,12/31/2011,12/31/2012,12/31/2013,,,,,,,,,,,,,,,,,,,,,,,,,,,,,,,,,,,,,,,,,,,,,,,,,,,,,,,,,,,,,,,,,,,,,,,,,,,,,,,,,,,,,,,,,,,,,,,,,,,,,,,,,,,,,,,,,,,,,,,,,,,,,,,,,,,,,,,,,,,,,,,,,,,,,,,,,,,,,,,,,,,,,,,,,,,,,,,,,,,,,,,,,,,,,,,,,,,,,,,,,,,,,,
8.6,9.3,6.2,4.8,6.3,4.5,4.9,4.4,7.5,0.8,2.3,4.1,2.8,3.5,3.6,2.8,2.2,2.5,4.7,2.8,3,4,2.2,1.3,,,,,,,,,,,,,,,,,,,,,,,,,,,,,,,,,,,,,,,,,,,,,,,,,,,,,,,,,,,,,,,,,,,,,,,,,,,,,,,,,,,,,,,,,,,,,,,,,,,,,,,,,,,,,,,,,,,,,,,,,,,,,,,,,,,,,,,,,,,,,,,,,,,,,,,,,,,,,,,,,,,,,,,,,,,,,,,,,,,,,,,,,,,,,,,,,,,,,,,,,,,,,,
12/31/1993,12/31/1994,12/31/1995,12/31/1996,12/31/1997,12/31/1998,12/31/1999,12/31/2000,12/31/2001,12/31/2002,12/31/2003,12/31/2004,12/31/2005,12/31/2006,12/31/2007,12/31/2008,12/31/2009,12/31/2010,12/31/2011,12/31/2012,12/31/2013,,,,,,,,,,,,,,,,,,,,,,,,,,,,,,,,,,,,,,,,,,,,,,,,,,,,,,,,,,,,,,,,,,,,,,,,,,,,,,,,,,,,,,,,,,,,,,,,,,,,,,,,,,,,,,,,,,,,,,,,,,,,,,,,,,,,,,,,,,,,,,,,,,,,,,,,,,,,,,,,,,,,,,,,,,,,,,,,,,,,,,,,,,,,,,,,,,,,,,,,,,,,,,,,,
4.84,4.64,4.56,3.56,1.88,1.79,2.22,3.48,2.83,3.58,3.12,3.04,3.38,3.58,2.83,4.14,-0.24,2.06,3.05,2.44,1.53,,,,,,,,,,,,,,,,,,,,,,,,,,,,,,,,,,,,,,,,,,,,,,,,,,,,,,,,,,,,,,,,,,,,,,,,,,,,,,,,,,,,,,,,,,,,,,,,,,,,,,,,,,,,,,,,,,,,,,,,,,,,,,,,,,,,,,,,,,,,,,,,,,,,,,,,,,,,,,,,,,,,,,,,,,,,,,,,,,,,,,,,,,,,,,,,,,,,,,,,,,,,,,,,,
12/31/1990,12/31/1991,12/31/1992,12/31/1993,12/31/1994,12/31/1995,12/31/1996,12/31/1997,12/31/1998,12/31/1999,12/31/2000,12/31/2001,12/31/2002,12/31/2003,12/31/2004,12/31/2005,12/31/2006,12/31/2007,12/31/2008,12/31/2009,12/31/2010,12/31/2011,12/31/2012,12/31/2013,,,,,,,,,,,,,,,,,,,,,,,,,,,,,,,,,,,,,,,,,,,,,,,,,,,,,,,,,,,,,,,,,,,,,,,,,,,,,,,,,,,,,,,,,,,,,,,,,,,,,,,,,,,,,,,,,,,,,,,,,,,,,,,,,,,,,,,,,,,,,,,,,,,,,,,,,,,,,,,,,,,,,,,,,,,,,,,,,,,,,,,,,,,,,,,,,,,,,,,,,,,,,,
10.46,9.37,2.29,4.65,2.2,2.53,0.48,0.52,-0.13,0.46,1,2.44,2.16,1.93,0.38,0.45,1.36,2.21,3.48,-0.31,1.27,2.63,0.88,-0.05,,,,,,,,,,,,,,,,,,,,,,,,,,,,,,,,,,,,,,,,,,,,,,,,,,,,,,,,,,,,,,,,,,,,,,,,,,,,,,,,,,,,,,,,,,,,,,,,,,,,,,,,,,,,,,,,,,,,,,,,,,,,,,,,,,,,,,,,,,,,,,,,,,,,,,,,,,,,,,,,,,,,,,,,,,,,,,,,,,,,,,,,,,,,,,,,,,,,,,,,,,,,,,
12/31/1990,12/31/1991,12/31/1992,12/31/1993,12/31/1994,12/31/1995,12/31/1996,12/31/1997,12/31/1998,12/31/1999,12/31/2000,12/31/2001,12/31/2002,12/31/2003,12/31/2004,12/31/2005,12/31/2006,12/31/2007,12/31/2008,12/31/2009,12/31/2010,12/31/2011,12/31/2012,12/31/2013,,,,,,,,,,,,,,,,,,,,,,,,,,,,,,,,,,,,,,,,,,,,,,,,,,,,,,,,,,,,,,,,,,,,,,,,,,,,,,,,,,,,,,,,,,,,,,,,,,,,,,,,,,,,,,,,,,,,,,,,,,,,,,,,,,,,,,,,,,,,,,,,,,,,,,,,,,,,,,,,,,,,,,,,,,,,,,,,,,,,,,,,,,,,,,,,,,,,,,,,,,,,,,
5.42,5.88,4.06,3.29,0.85,1.8,0.81,0.52,0.02,0.81,1.55,1.01,0.63,0.63,0.8,1.18,1.08,0.73,2.43,-0.48,0.68,0.25,-0.7,-0.22,,,,,,,,,,,,,,,,,,,,,,,,,,,,,,,,,,,,,,,,,,,,,,,,,,,,,,,,,,,,,,,,,,,,,,,,,,,,,,,,,,,,,,,,,,,,,,,,,,,,,,,,,,,,,,,,,,,,,,,,,,,,,,,,,,,,,,,,,,,,,,,,,,,,,,,,,,,,,,,,,,,,,,,,,,,,,,,,,,,,,,,,,,,,,,,,,,,,,,,,,,,,,,
12/31/1990,12/31/1991,12/31/1992,12/31/1993,12/31/1994,12/31/1995,12/31/1996,12/31/1997,12/31/1998,12/31/1999,12/31/2000,12/31/2001,12/31/2002,12/31/2003,12/31/2004,12/31/2005,12/31/2006,12/31/2007,12/31/2008,12/31/2009,12/31/2010,12/31/2011,12/31/2012,12/31/2013,12/31/2014,12/31/2015,12/31/2016,12/31/2017,12/31/2018,,,,,,,,,,,,,,,,,,,,,,,,,,,,,,,,,,,,,,,,,,,,,,,,,,,,,,,,,,,,,,,,,,,,,,,,,,,,,,,,,,,,,,,,,,,,,,,,,,,,,,,,,,,,,,,,,,,,,,,,,,,,,,,,,,,,,,,,,,,,,,,,,,,,,,,,,,,,,,,,,,,,,,,,,,,,,,,,,,,,,,,,,,,,,,,,,,,,,,,,,
22.562,28.037,21.935,23.619,37.146,23.969,20.496,15.443,13.161,8.996,4.589,5.147,4.555,4.429,4.138,4.359,7.251,7.028,10.276,12.144,7.192,12.691,16.001,8.513,5.801,4.928,4.928,4.928,4.928,,,,,,,,,,,,,,,,,,,,,,,,,,,,,,,,,,,,,,,,,,,,,,,,,,,,,,,,,,,,,,,,,,,,,,,,,,,,,,,,,,,,,,,,,,,,,,,,,,,,,,,,,,,,,,,,,,,,,,,,,,,,,,,,,,,,,,,,,,,,,,,,,,,,,,,,,,,,,,,,,,,,,,,,,,,,,,,,,,,,,,,,,,,,,,,,,,,,,,,,,
12/31/1990,12/31/1991,12/31/1992,12/31/1993,12/31/1994,12/31/1995,12/31/1996,12/31/1997,12/31/1998,12/31/1999,12/31/2000,12/31/2001,12/31/2002,12/31/2003,12/31/2004,12/31/2005,12/31/2006,12/31/2007,12/31/2008,12/31/2009,12/31/2010,12/31/2011,12/31/2012,12/31/2013,,,,,,,,,,,,,,,,,,,,,,,,,,,,,,,,,,,,,,,,,,,,,,,,,,,,,,,,,,,,,,,,,,,,,,,,,,,,,,,,,,,,,,,,,,,,,,,,,,,,,,,,,,,,,,,,,,,,,,,,,,,,,,,,,,,,,,,,,,,,,,,,,,,,,,,,,,,,,,,,,,,,,,,,,,,,,,,,,,,,,,,,,,,,,,,,,,,,,,,,,,,,,,
5.89,5.71,4.15,3.3,5.06,5.81,5.84,5.58,8.04,0.3,1.6,1.62,0.7,1.8,2.77,4.53,4.67,2.24,5.47,-0.81,3.28,3.81,3.02,2.19,,,,,,,,,,,,,,,,,,,,,,,,,,,,,,,,,,,,,,,,,,,,,,,,,,,,,,,,,,,,,,,,,,,,,,,,,,,,,,,,,,,,,,,,,,,,,,,,,,,,,,,,,,,,,,,,,,,,,,,,,,,,,,,,,,,,,,,,,,,,,,,,,,,,,,,,,,,,,,,,,,,,,,,,,,,,,,,,,,,,,,,,,,,,,,,,,,,,,,,,,,,,,,
2/28/2006,3/31/2006,4/30/2006,5/31/2006,6/30/2006,7/31/2006,8/31/2006,9/30/2006,10/31/2006,11/30/2006,12/31/2006,1/31/2007,2/28/2007,3/31/2007,4/30/2007,5/31/2007,6/30/2007,7/31/2007,8/31/2007,9/30/2007,10/31/2007,11/30/2007,12/31/2007,1/31/2008,2/29/2008,3/31/2008,4/30/2008,5/31/2008,6/30/2008,7/31/2008,8/31/2008,9/30/2008,10/31/2008,11/30/2008,12/31/2008,1/31/2009,2/28/2009,3/31/2009,4/30/2009,5/31/2009,6/30/2009,7/31/2009,8/31/2009,9/30/2009,10/31/2009,11/30/2009,12/31/2009,1/31/2010,2/28/2010,3/31/2010,4/30/2010,5/31/2010,6/30/2010,7/31/2010,8/31/2010,9/30/2010,10/31/2010,11/30/2010,12/31/2010,1/31/2011,2/28/2011,3/31/2011,4/30/2011,5/31/2011,6/30/2011,7/31/2011,8/31/2011,9/30/2011,10/31/2011,11/30/2011,12/31/2011,1/31/2012,2/29/2012,3/31/2012,4/30/2012,5/31/2012,6/30/2012,7/31/2012,8/31/2012,9/30/2012,10/31/2012,11/30/2012,12/31/2012,1/31/2013,2/28/2013,3/31/2013,4/30/2013,5/31/2013,6/30/2013,7/31/2013,8/31/2013,9/30/2013,10/31/2013,11/30/2013,12/31/2013,1/31/2014,2/28/2014,,,,,,,,,,,,,,,,,,,,,,,,,,,,,,,,,,,,,,,,,,,,,,,,,,,,,,,,,,,,,,,,,,,,,,,,,,,,,,,,,,,,,,,,,,,,,,,,,,,,,,,,,,,,,,,,,,,,,,,,,,,,,,,,,,,,,
-0.1,0.39,0.78,0.29,0.1,0.48,0.1,0.29,0.19,0,0.1,0,-0.09,0.19,0.57,0.75,0.84,0.28,0.46,0.55,0.46,0.55,0.45,0.45,-0.09,0.36,0.81,0,0.27,0.53,0,0.44,0.53,0.35,0.35,-0.09,-0.52,0.35,0.61,0.35,0.43,0.69,0.26,0.51,0.59,0.42,0.42,0.33,0.08,0.17,0.41,0.33,0.33,0.25,0.25,0.33,0.57,0.49,0.4,-0.16,-0.48,0.16,0.56,0.32,0.4,0.48,0.48,0.63,1.17,0.39,0.15,0.69,0.15,-0.15,0.92,0.15,0.23,0.68,0.52,0.67,0.81,0.59,0.51,0.8,-0.07,0.58,0.72,0.14,0.36,0.35,0.35,0.49,0.84,0.56,0.76,0.55,-0.34,,,,,,,,,,,,,,,,,,,,,,,,,,,,,,,,,,,,,,,,,,,,,,,,,,,,,,,,,,,,,,,,,,,,,,,,,,,,,,,,,,,,,,,,,,,,,,,,,,,,,,,,,,,,,,,,,,,,,,,,,,,,,,,,,,,,,
12/31/1990,12/31/1991,12/31/1992,12/31/1993,12/31/1994,12/31/1995,12/31/1996,12/31/1997,12/31/1998,12/31/1999,12/31/2000,12/31/2001,12/31/2002,12/31/2003,12/31/2004,12/31/2005,12/31/2006,12/31/2007,12/31/2008,12/31/2009,12/31/2010,12/31/2011,12/31/2012,12/31/2013,,,,,,,,,,,,,,,,,,,,,,,,,,,,,,,,,,,,,,,,,,,,,,,,,,,,,,,,,,,,,,,,,,,,,,,,,,,,,,,,,,,,,,,,,,,,,,,,,,,,,,,,,,,,,,,,,,,,,,,,,,,,,,,,,,,,,,,,,,,,,,,,,,,,,,,,,,,,,,,,,,,,,,,,,,,,,,,,,,,,,,,,,,,,,,,,,,,,,,,,,,,,,,
60.37,63.75,72.81,65.64,103.93,97.34,80.31,84.53,86.66,64.78,56.43,53.46,47.19,21.94,8.6,8.19,9.59,8.78,10.43,6.28,8.58,6.45,8.94,7.49,,,,,,,,,,,,,,,,,,,,,,,,,,,,,,,,,,,,,,,,,,,,,,,,,,,,,,,,,,,,,,,,,,,,,,,,,,,,,,,,,,,,,,,,,,,,,,,,,,,,,,,,,,,,,,,,,,,,,,,,,,,,,,,,,,,,,,,,,,,,,,,,,,,,,,,,,,,,,,,,,,,,,,,,,,,,,,,,,,,,,,,,,,,,,,,,,,,,,,,,,,,,,,
12/31/1990,12/31/1991,12/31/1992,12/31/1993,12/31/1994,12/31/1995,12/31/1996,12/31/1997,12/31/1998,12/31/1999,12/31/2000,12/31/2001,12/31/2002,12/31/2003,12/31/2004,12/31/2005,12/31/2006,12/31/2007,12/31/2008,12/31/2009,12/31/2010,12/31/2011,12/31/2012,12/31/2013,,,,,,,,,,,,,,,,,,,,,,,,,,,,,,,,,,,,,,,,,,,,,,,,,,,,,,,,,,,,,,,,,,,,,,,,,,,,,,,,,,,,,,,,,,,,,,,,,,,,,,,,,,,,,,,,,,,,,,,,,,,,,,,,,,,,,,,,,,,,,,,,,,,,,,,,,,,,,,,,,,,,,,,,,,,,,,,,,,,,,,,,,,,,,,,,,,,,,,,,,,,,,,
0.6,5.5,4.27,5.27,5.7,4.33,2.98,2.97,1.99,2.1,1.35,2.8,2.92,3.12,5.04,6.2,9.29,11.13,12.25,1.56,0.88,0.88,0.67,1.48,,,,,,,,,,,,,,,,,,,,,,,,,,,,,,,,,,,,,,,,,,,,,,,,,,,,,,,,,,,,,,,,,,,,,,,,,,,,,,,,,,,,,,,,,,,,,,,,,,,,,,,,,,,,,,,,,,,,,,,,,,,,,,,,,,,,,,,,,,,,,,,,,,,,,,,,,,,,,,,,,,,,,,,,,,,,,,,,,,,,,,,,,,,,,,,,,,,,,,,,,,,,,,
12/31/1990,12/31/1991,12/31/1992,12/31/1993,12/31/1994,12/31/1995,12/31/1996,12/31/1997,12/31/1998,12/31/1999,12/31/2000,12/31/2001,12/31/2002,12/31/2003,12/31/2004,12/31/2005,12/31/2006,12/31/2007,12/31/2008,12/31/2009,12/31/2010,12/31/2011,12/31/2012,12/31/2013,,,,,,,,,,,,,,,,,,,,,,,,,,,,,,,,,,,,,,,,,,,,,,,,,,,,,,,,,,,,,,,,,,,,,,,,,,,,,,,,,,,,,,,,,,,,,,,,,,,,,,,,,,,,,,,,,,,,,,,,,,,,,,,,,,,,,,,,,,,,,,,,,,,,,,,,,,,,,,,,,,,,,,,,,,,,,,,,,,,,,,,,,,,,,,,,,,,,,,,,,,,,,,
6.98,7.53,4.31,2.53,1.98,2.64,2.48,1.83,1.57,1.33,0.8,1.23,1.26,1.36,1.35,2.04,2.32,2.34,3.61,2.18,3.31,4.48,2.84,2.57,,,,,,,,,,,,,,,,,,,,,,,,,,,,,,,,,,,,,,,,,,,,,,,,,,,,,,,,,,,,,,,,,,,,,,,,,,,,,,,,,,,,,,,,,,,,,,,,,,,,,,,,,,,,,,,,,,,,,,,,,,,,,,,,,,,,,,,,,,,,,,,,,,,,,,,,,,,,,,,,,,,,,,,,,,,,,,,,,,,,,,,,,,,,,,,,,,,,,,,,,,,,,,
12/31/1996,12/31/1997,12/31/1998,12/31/1999,12/31/2000,12/31/2001,12/31/2002,12/31/2003,12/31/2004,12/31/2005,12/31/2006,12/31/2007,12/31/2008,12/31/2009,12/31/2010,12/31/2011,12/31/2012,12/31/2013,,,,,,,,,,,,,,,,,,,,,,,,,,,,,,,,,,,,,,,,,,,,,,,,,,,,,,,,,,,,,,,,,,,,,,,,,,,,,,,,,,,,,,,,,,,,,,,,,,,,,,,,,,,,,,,,,,,,,,,,,,,,,,,,,,,,,,,,,,,,,,,,,,,,,,,,,,,,,,,,,,,,,,,,,,,,,,,,,,,,,,,,,,,,,,,,,,,,,,,,,,,,,,,,,,,,
2.94,2.33,1.55,2.19,3.38,2.82,1.58,2.28,2.68,3.38,3.23,2.87,3.85,-0.35,1.63,3.17,2.08,1.48,,,,,,,,,,,,,,,,,,,,,,,,,,,,,,,,,,,,,,,,,,,,,,,,,,,,,,,,,,,,,,,,,,,,,,,,,,,,,,,,,,,,,,,,,,,,,,,,,,,,,,,,,,,,,,,,,,,,,,,,,,,,,,,,,,,,,,,,,,,,,,,,,,,,,,,,,,,,,,,,,,,,,,,,,,,,,,,,,,,,,,,,,,,,,,,,,,,,,,,,,,,,,,,,,,,,
12/31/1990,12/31/1991,12/31/1992,12/31/1993,12/31/1994,12/31/1995,12/31/1996,12/31/1997,12/31/1998,12/31/1999,12/31/2000,12/31/2001,12/31/2002,12/31/2003,12/31/2004,12/31/2005,12/31/2006,12/31/2007,12/31/2008,12/31/2009,12/31/2010,12/31/2011,12/31/2012,12/31/2013,,,,,,,,,,,,,,,,,,,,,,,,,,,,,,,,,,,,,,,,,,,,,,,,,,,,,,,,,,,,,,,,,,,,,,,,,,,,,,,,,,,,,,,,,,,,,,,,,,,,,,,,,,,,,,,,,,,,,,,,,,,,,,,,,,,,,,,,,,,,,,,,,,,,,,,,,,,,,,,,,,,,,,,,,,,,,,,,,,,,,,,,,,,,,,,,,,,,,,,,,,,,,,
43.5,34.37,31.38,37.81,59.78,61.17,98.19,53.6,36.04,23.82,16.29,12.53,22.21,31.42,21.86,16,13.61,18.7,31.24,28.63,29.09,27.18,21.28,37.98,,,,,,,,,,,,,,,,,,,,,,,,,,,,,,,,,,,,,,,,,,,,,,,,,,,,,,,,,,,,,,,,,,,,,,,,,,,,,,,,,,,,,,,,,,,,,,,,,,,,,,,,,,,,,,,,,,,,,,,,,,,,,,,,,,,,,,,,,,,,,,,,,,,,,,,,,,,,,,,,,,,,,,,,,,,,,,,,,,,,,,,,,,,,,,,,,,,,,,,,,,,,,,
